bar,item,price
Aldo Sohm Wine Bar,Corona Light,2.49
Aldo Sohm Wine Bar,Coors Banquet,2.49
Aldo Sohm Wine Bar,Carlsberg Export,3.99
Aldo Sohm Wine Bar,Rolling Rock Extra Pale Ale,3.49
Aldo Sohm Wine Bar,Hofbraü Oktoberfestbier,3.49
Aldo Sohm Wine Bar,Guiness Extra Stout,2.69
Aldo Sohm Wine Bar,Hoegaarden Original White Ale,3.49
Aldo Sohm Wine Bar,Samuel Adams Boston Lager,2.49
Aldo Sohm Wine Bar,Michelob Ultra,3.49
Aldo Sohm Wine Bar,Fries,2.99
Aldo Sohm Wine Bar,Loaded Fries,3.99
Aldo Sohm Wine Bar,Sweet Potato Fries,3.99
Aldo Sohm Wine Bar,Cheese Fries,3.49
Aldo Sohm Wine Bar,Onion Rings,3.99
Aldo Sohm Wine Bar,Mozzarella Sticks,3.99
Aldo Sohm Wine Bar,Chicken Fingers,4.99
Aldo Sohm Wine Bar,Steak,19.99
Aldo Sohm Wine Bar,Salmon,19.99
Aldo Sohm Wine Bar,Ribs,14.99
Aldo Sohm Wine Bar,Pasta,10.99
Aldo Sohm Wine Bar,Pasta with Shrimp,12.99
Aldo Sohm Wine Bar,Pasta with Chicken,12.99
Aldo Sohm Wine Bar,Pasta with Meatballs,12.99
Aldo Sohm Wine Bar,Chicken Cheesesteak,12.99
Aldo Sohm Wine Bar,Buffalo Chicken Cheesesteak,13.99
Aldo Sohm Wine Bar,Fountain Drink,1.99
Aldo Sohm Wine Bar,Iced Tea,1.99
Angel's Share,Shiner Bock,5.49
Angel's Share,Coors Light,3.99
Angel's Share,Heineken Light Lager,4.39
Angel's Share,Samuel Adams Boston Lager,3.99
Angel's Share,Corona Light,3.99
Angel's Share,Corona Extra,3.99
Angel's Share,Anchor Steam,6.25
Angel's Share,Landshark,5.49
Angel's Share,Budweiser,4.49
Angel's Share,Beck's,7.45
Angel's Share,Tecate,3.99
Angel's Share,Labatt Blue,4.49
Angel's Share,Fries,4.49
Angel's Share,Loaded Fries,5.49
Angel's Share,Sweet Potato Fries,5.49
Angel's Share,Cheese Fries,4.99
Angel's Share,Onion Rings,5.49
Angel's Share,Mozzarella Sticks,5.49
Angel's Share,Chicken Fingers,6.49
Angel's Share,Vegetable Taco,3.49
Angel's Share,Beef Taco,3.99
Angel's Share,Pulled Pork Taco,3.99
Angel's Share,Chicken Taco,3.49
Angel's Share,Steak Taco,3.99
Angel's Share,Shrimp Taco,3.99
Angel's Share,Fish Taco,3.99
Angel's Share,Fountain Drink,3.49
Angel's Share,Iced Tea,3.49
Attaboy,Anchor Steam,4.75
Attaboy,Miller Lite,2.49
Attaboy,Rolling Rock Extra Pale Ale,3.49
Attaboy,Miller High Life,2.49
Attaboy,Stella Artois,2.99
Attaboy,Tsingtao Beer,2.99
Attaboy,Tecate,2.49
Attaboy,Corona Light,2.49
Attaboy,Pilsner Urquell,2.99
Attaboy,90 Minute IPA,5.25
Attaboy,Amstel Lager,4.99
Attaboy,Fries,2.99
Attaboy,Loaded Fries,3.99
Attaboy,Sweet Potato Fries,3.99
Attaboy,Cheese Fries,3.49
Attaboy,Onion Rings,3.99
Attaboy,Mozzarella Sticks,3.99
Attaboy,Chicken Fingers,4.99
Attaboy,Falafel,3.99
Attaboy,Manousheh,3.99
Attaboy,Lenitl Soup,2.99
Attaboy,Artichoke Salad,3.99
Attaboy,Mediterranean Salad,3.99
Attaboy,Shrimp Salad,3.99
Attaboy,Italian Salad,3.99
Attaboy,Bercelona Salad,3.99
Attaboy,Chicken Salad,3.99
Attaboy,Steak Salad,3.99
Attaboy,Fajita Salad,3.99
Attaboy,BBQ Shish Kabab Sandwich,4.99
Attaboy,Chicken Kabab Sandwich,4.99
Attaboy,Chicken Gyro Sandwich,4.99
Attaboy,BBQ Chicken Sandwich,4.99
Attaboy,Lamb Kabab Sandwich,4.99
Attaboy,Gyro Sandwich,4.99
Attaboy,BBQ Pulled Pork Sandwich,4.99
Attaboy,Fountain Drink,1.99
Attaboy,Iced Tea,1.99
Bar Goto,Fat Tire Belgian Style Ale,1.99
Bar Goto,Shock Top Belgian White,2.99
Bar Goto,Dos Equis Amber Lager,1.99
Bar Goto,Negra Modelo,1.49
Bar Goto,Heineken Premium Light Lager,1.89
Bar Goto,Redhook Long Hammer IPA,2.49
Bar Goto,Anchor Steam,3.75
Bar Goto,Bud Lite,1.49
Bar Goto,Pabst Blue Ribbon,1.99
Bar Goto,Samuel Adams Octoberfest,1.49
Bar Goto,Natural Ice,1.49
Bar Goto,George Killian's Irish Red,1.99
Bar Goto,Hofbraü Original,2.49
Bar Goto,Coors Light,1.49
Bar Goto,Michelob Light,2.49
Bar Goto,Guiness Draught,1.95
Bar Goto,Corona Light,1.49
Bar Goto,Fountain Drink,0.99
Bar Goto,Iced Tea,0.99
Bar5,Keystone Light,2.99
Bar5,Landshark,4.49
Bar5,Foster's Lager,4.49
Bar5,Lagunitas IPA,3.49
Bar5,Carlsberg Export,4.49
Bar5,Coors Light,2.99
Bar5,Molson Canadian Lager,4.49
Bar5,Dos Equis Amber Lager,3.49
Bar5,Fountain Drink,2.49
Bar5,Iced Tea,2.49
Black Bear Bar & Grill,Dos Equis Amber Lager,2.49
Black Bear Bar & Grill,Yuengling Premium Beer,2.49
Black Bear Bar & Grill,Paulaner,2.49
Black Bear Bar & Grill,Blue Moon Belgian White,3.49
Black Bear Bar & Grill,Miller Lite,1.99
Black Bear Bar & Grill,Michelob Light,2.99
Black Bear Bar & Grill,Rolling Rock Extra Pale,2.49
Black Bear Bar & Grill,Keystone Light,1.99
Black Bear Bar & Grill,Hoegaarden Original White Ale,2.99
Black Bear Bar & Grill,Negra Modelo,1.99
Black Bear Bar & Grill,90 Minute IPA,4.75
Black Bear Bar & Grill,Newcastle Brown Ale,2.99
Black Bear Bar & Grill,Corona Light,1.99
Black Bear Bar & Grill,Natural Ice,1.99
Black Bear Bar & Grill,Yuengling Traditional Amber Lager,2.49
Black Bear Bar & Grill,Labatt Blue,2.49
Black Bear Bar & Grill,Foster's Lager,3.49
Black Bear Bar & Grill,Fountain Drink,1.49
Black Bear Bar & Grill,Iced Tea,1.49
Blind Tiger Ale House,Guiness Extra Stout,3.19
Blind Tiger Ale House,Anchor Steam,5.25
Blind Tiger Ale House,Budweiser,3.49
Blind Tiger Ale House,Sierra Nevada Pale Ale,2.99
Blind Tiger Ale House,Pabst Blue Ribbon,3.49
Blind Tiger Ale House,George Killian's Irish Red,3.49
Blind Tiger Ale House,Stella Artois,3.49
Blind Tiger Ale House,Corona Light,2.99
Blind Tiger Ale House,Guiness Draught,3.45
Blind Tiger Ale House,Hofbraü Oktoberfestbier,3.99
Blind Tiger Ale House,Fries,3.49
Blind Tiger Ale House,Loaded Fries,4.49
Blind Tiger Ale House,Sweet Potato Fries,4.49
Blind Tiger Ale House,Cheese Fries,3.99
Blind Tiger Ale House,Onion Rings,4.49
Blind Tiger Ale House,Mozzarella Sticks,4.49
Blind Tiger Ale House,Chicken Fingers,5.49
Blind Tiger Ale House,Steak,20.49
Blind Tiger Ale House,Salmon,20.49
Blind Tiger Ale House,Ribs,15.49
Blind Tiger Ale House,Pasta,11.49
Blind Tiger Ale House,Pasta with Shrimp,13.49
Blind Tiger Ale House,Pasta with Chicken,13.49
Blind Tiger Ale House,Pasta with Meatballs,13.49
Blind Tiger Ale House,Chicken Cheesesteak,13.49
Blind Tiger Ale House,Buffalo Chicken Cheesesteak,14.49
Blind Tiger Ale House,Fountain Drink,2.49
Blind Tiger Ale House,Iced Tea,2.49
Broken Shaker,Hofbraü Original,2.99
Broken Shaker,Corona Light,1.99
Broken Shaker,Beck's,5.45
Broken Shaker,Michelob Ultra,2.99
Broken Shaker,Natural Light,1.99
Broken Shaker,Anchor Steam,4.25
Broken Shaker,Guiness Extra Stout,2.19
Broken Shaker,Corona Extra,1.99
Broken Shaker,Stella Artois,2.49
Broken Shaker,Hoegaarden Original White Ale,2.99
Broken Shaker,Tsingtao Beer,2.49
Broken Shaker,Shock Top Belgian White,3.49
Broken Shaker,Sapporo Premium Lager,2.99
Broken Shaker,Labatt Blue Light,2.49
Broken Shaker,Fries,2.49
Broken Shaker,Loaded Fries,3.49
Broken Shaker,Sweet Potato Fries,3.49
Broken Shaker,Cheese Fries,2.99
Broken Shaker,Onion Rings,3.49
Broken Shaker,Mozzarella Sticks,3.49
Broken Shaker,Chicken Fingers,4.49
Broken Shaker,Vegetable Taco,1.49
Broken Shaker,Beef Taco,1.99
Broken Shaker,Pulled Pork Taco,1.99
Broken Shaker,Chicken Taco,1.49
Broken Shaker,Steak Taco,1.99
Broken Shaker,Shrimp Taco,1.99
Broken Shaker,Fish Taco,1.99
Broken Shaker,Fountain Drink,1.49
Broken Shaker,Iced Tea,1.49
Carpe Diem Pub & Restaurant,Corona Extra,1.99
Carpe Diem Pub & Restaurant,Stella Artois,2.49
Carpe Diem Pub & Restaurant,Paulaner,2.49
Carpe Diem Pub & Restaurant,Coors Light,1.99
Carpe Diem Pub & Restaurant,Guiness Extra Stout,2.19
Carpe Diem Pub & Restaurant,Pabst Blue Ribbon,2.49
Carpe Diem Pub & Restaurant,George Killian's Irish Red,2.49
Carpe Diem Pub & Restaurant,Miller Lite,1.99
Carpe Diem Pub & Restaurant,Molson Canadian Lager,3.49
Carpe Diem Pub & Restaurant,Michelob Original Lager,2.99
Carpe Diem Pub & Restaurant,Carlsberg Export,3.49
Carpe Diem Pub & Restaurant,Bud Lite,1.99
Carpe Diem Pub & Restaurant,Amstel Lager,4.49
Carpe Diem Pub & Restaurant,Anchor Steam,4.25
Carpe Diem Pub & Restaurant,Negra Modelo,1.99
Carpe Diem Pub & Restaurant,Shock Top Belgian White,3.49
Carpe Diem Pub & Restaurant,Guiness Draught,2.45
Carpe Diem Pub & Restaurant,Labatt Blue Light,2.49
Carpe Diem Pub & Restaurant,Fries,2.49
Carpe Diem Pub & Restaurant,Loaded Fries,3.49
Carpe Diem Pub & Restaurant,Sweet Potato Fries,3.49
Carpe Diem Pub & Restaurant,Cheese Fries,2.99
Carpe Diem Pub & Restaurant,Onion Rings,3.49
Carpe Diem Pub & Restaurant,Mozzarella Sticks,3.49
Carpe Diem Pub & Restaurant,Chicken Fingers,4.49
Carpe Diem Pub & Restaurant,Mejillones Tapas,9.49
Carpe Diem Pub & Restaurant,Fresh Guacamole Tapas,9.49
Carpe Diem Pub & Restaurant,Ecuadorian Tapas,9.49
Carpe Diem Pub & Restaurant,Chorizo Tapas,9.49
Carpe Diem Pub & Restaurant,Black Bean Soup,3.49
Carpe Diem Pub & Restaurant,Soup of the Day,2.49
Carpe Diem Pub & Restaurant,French Onion Soup,2.49
Carpe Diem Pub & Restaurant,Chili,3.49
Carpe Diem Pub & Restaurant,Beef Empanada,3.49
Carpe Diem Pub & Restaurant,Chicken Empanada,3.49
Carpe Diem Pub & Restaurant,Vegetarian Empanada,2.99
Carpe Diem Pub & Restaurant,Fountain Drink,1.49
Carpe Diem Pub & Restaurant,Iced Tea,1.49
Clover Club,Labatt Blue,2.99
Clover Club,Amstel Lager,4.99
Clover Club,Guiness Extra Stout,2.69
Clover Club,Yuengling Premium Beer,2.99
Clover Club,Miller High Life,2.49
Clover Club,Miller Lite,2.49
Clover Club,90 Minute IPA,5.25
Clover Club,Paulaner,2.99
Clover Club,Samuel Adams Octoberfest,2.49
Clover Club,Dos Equis Amber Lager,2.99
Clover Club,Sierra Nevada Pale Ale,2.49
Clover Club,Corona Light,2.49
Clover Club,Heineken Light Lager,2.89
Clover Club,Keystone Light,2.49
Clover Club,Carlsberg Export,3.99
Clover Club,Redhook Long Hammer IPA,3.49
Clover Club,Stella Artois,2.99
Clover Club,Fountain Drink,1.99
Clover Club,Iced Tea,1.99
Cooper's Union,Bud Lite Platinum,2.49
Cooper's Union,Miller High Life,2.49
Cooper's Union,Stella Artois,2.99
Cooper's Union,Carlsberg Export,3.99
Cooper's Union,Dos Equis Amber Lager,2.99
Cooper's Union,Labatt Blue,2.99
Cooper's Union,Tsingtao Beer,2.99
Cooper's Union,Busch,3.99
Cooper's Union,Amstel Lager,4.99
Cooper's Union,Sapporo Premium Lager,3.49
Cooper's Union,Landshark,3.99
Cooper's Union,Miller Lite,2.49
Cooper's Union,Negra Modelo,2.49
Cooper's Union,Shock Top Belgian White,3.99
Cooper's Union,George Killian's Irish Red,2.99
Cooper's Union,Blue Moon Belgian White,3.99
Cooper's Union,Fries,2.99
Cooper's Union,Loaded Fries,3.99
Cooper's Union,Sweet Potato Fries,3.99
Cooper's Union,Cheese Fries,3.49
Cooper's Union,Onion Rings,3.99
Cooper's Union,Mozzarella Sticks,3.99
Cooper's Union,Chicken Fingers,4.99
Cooper's Union,Fountain Drink,1.99
Cooper's Union,Iced Tea,1.99
Cork City,Hoegaarden Original White Ale,3.49
Cork City,Sapporo Premium Lager,3.49
Cork City,Fat Tire Belgian Style Ale,2.99
Cork City,Shock Top Belgian White,3.99
Cork City,Heineken Premium Light Lager,2.89
Cork City,Pabst Blue Ribbon,2.99
Cork City,90 Minute IPA,5.25
Cork City,60 Minute IPA,4.99
Cork City,Natural Light,2.49
Cork City,Foster's Lager,3.99
Cork City,Grolsch Premium Lager,2.99
Cork City,Labatt Blue,2.99
Cork City,Newcastle Brown Ale,3.49
Cork City,Blue Moon Belgian White,3.99
Cork City,Dos Equis Amber Lager,2.99
Cork City,Guiness Extra Stout,2.69
Cork City,Fountain Drink,1.99
Cork City,Iced Tea,1.99
Dante,Samuel Adams Boston Lager,1.49
Dante,Redhook Long Hammer IPA,2.49
Dante,Busch,2.99
Dante,Miller Lite,1.49
Dante,Coors Banquet,1.49
Dante,Anchor Steam,3.75
Dante,Corona Light,1.49
Dante,Stella Artois,1.99
Dante,Heineken Premium Light Lager,1.89
Dante,Samuel Adams Octoberfest,1.49
Dante,Bud Lite Platinum,1.49
Dante,120 Minute IPA,4.49
Dante,Fountain Drink,0.99
Dante,Iced Tea,0.99
DC's Tavern,Fat Tire Belgian Style Ale,3.99
DC's Tavern,Foster's Lager,4.99
DC's Tavern,Hofbraü Original,4.49
DC's Tavern,Natural Light,3.49
DC's Tavern,120 Minute IPA,6.49
DC's Tavern,90 Minute IPA,6.25
DC's Tavern,Coors Light,3.49
DC's Tavern,Busch,4.99
DC's Tavern,Hoegaarden Original White Ale,4.49
DC's Tavern,Samuel Adams Octoberfest,3.49
DC's Tavern,George Killian's Irish Red,3.99
DC's Tavern,Labatt Blue,3.99
DC's Tavern,Samuel Adams Boston Lager,3.49
DC's Tavern,Carlsberg Export,4.99
DC's Tavern,Guiness Extra Stout,3.69
DC's Tavern,Lagunitas IPA,3.99
DC's Tavern,Shiner Bock,4.99
DC's Tavern,Miller High Life,3.49
DC's Tavern,Yuengling Traditional Amber Lager,3.99
DC's Tavern,Fries,3.99
DC's Tavern,Loaded Fries,4.99
DC's Tavern,Sweet Potato Fries,4.99
DC's Tavern,Cheese Fries,4.49
DC's Tavern,Onion Rings,4.99
DC's Tavern,Mozzarella Sticks,4.99
DC's Tavern,Chicken Fingers,5.99
DC's Tavern,Falafel,4.99
DC's Tavern,Manousheh,4.99
DC's Tavern,Lenitl Soup,3.99
DC's Tavern,Artichoke Salad,4.99
DC's Tavern,Mediterranean Salad,4.99
DC's Tavern,Shrimp Salad,4.99
DC's Tavern,Italian Salad,4.99
DC's Tavern,Bercelona Salad,4.99
DC's Tavern,Chicken Salad,4.99
DC's Tavern,Steak Salad,4.99
DC's Tavern,Fajita Salad,4.99
DC's Tavern,BBQ Shish Kabab Sandwich,5.99
DC's Tavern,Chicken Kabab Sandwich,5.99
DC's Tavern,Chicken Gyro Sandwich,5.99
DC's Tavern,BBQ Chicken Sandwich,5.99
DC's Tavern,Lamb Kabab Sandwich,5.99
DC's Tavern,Gyro Sandwich,5.99
DC's Tavern,BBQ Pulled Pork Sandwich,5.99
DC's Tavern,Fountain Drink,2.99
DC's Tavern,Iced Tea,2.99
Dear Irving,Shock Top Belgian White,5.49
Dear Irving,Miller Lite,3.99
Dear Irving,Tecate,3.99
Dear Irving,Anchor Steam,6.25
Dear Irving,Carlsberg Export,5.49
Dear Irving,Grolsch Premium Lager,4.49
Dear Irving,Hofbraü Original,4.99
Dear Irving,Hofbraü Oktoberfestbier,4.99
Dear Irving,Sapporo Premium Lager,4.99
Dear Irving,Heineken Light Lager,4.39
Dear Irving,Dos Equis Amber Lager,4.49
Dear Irving,Yuengling Premium Beer,4.49
Dear Irving,Coors Banquet,3.99
Dear Irving,Sierra Nevada Pale Ale,3.99
Dear Irving,Blue Moon Belgian White,5.49
Dear Irving,Redhook Long Hammer IPA,4.99
Dear Irving,Budweiser,4.49
Dear Irving,60 Minute IPA,6.49
Dear Irving,Bud Lite Platinum,3.99
Dear Irving,Coors Light,3.99
Dear Irving,Fries,4.49
Dear Irving,Loaded Fries,5.49
Dear Irving,Sweet Potato Fries,5.49
Dear Irving,Cheese Fries,4.99
Dear Irving,Onion Rings,5.49
Dear Irving,Mozzarella Sticks,5.49
Dear Irving,Chicken Fingers,6.49
Dear Irving,Rose,6.49
Dear Irving,Moscato,6.49
Dear Irving,Champagne,6.49
Dear Irving,Prosecco,6.49
Dear Irving,Pinot Grigio,6.49
Dear Irving,Sauvignon Blanc,8.49
Dear Irving,Carbernet Sauvignon,7.49
Dear Irving,Chardonay,6.49
Dear Irving,Riesling,6.49
Dear Irving,Sauvignon Blanc,7.49
Dear Irving,Garnacha,6.49
Dear Irving,Albarino,6.49
Dear Irving,Pinot Noir,6.49
Dear Irving,Merlot,6.49
Dear Irving,Malbec,6.49
Dear Irving,Tempranillo,6.49
Dear Irving,Shiraz,6.49
Dear Irving,Eli Martini,6.49
Dear Irving,Mango Mojito,6.49
Dear Irving,Gypsy Cocktail,6.49
Dear Irving,Euro Cocktail,6.49
Dear Irving,Pomegranate Cosmo,7.49
Dear Irving,Kentucky Cocktail,7.49
Dear Irving,Bellini Martini,7.49
Dear Irving,Key Lime Martini,8.49
Dear Irving,Grand Margarita,7.49
Dear Irving,Sangria,6.49
Dear Irving,Falafel,5.49
Dear Irving,Manousheh,5.49
Dear Irving,Lenitl Soup,4.49
Dear Irving,Artichoke Salad,5.49
Dear Irving,Mediterranean Salad,5.49
Dear Irving,Shrimp Salad,5.49
Dear Irving,Italian Salad,5.49
Dear Irving,Bercelona Salad,5.49
Dear Irving,Chicken Salad,5.49
Dear Irving,Steak Salad,5.49
Dear Irving,Fajita Salad,5.49
Dear Irving,BBQ Shish Kabab Sandwich,6.49
Dear Irving,Chicken Kabab Sandwich,6.49
Dear Irving,Chicken Gyro Sandwich,6.49
Dear Irving,BBQ Chicken Sandwich,6.49
Dear Irving,Lamb Kabab Sandwich,6.49
Dear Irving,Gyro Sandwich,6.49
Dear Irving,BBQ Pulled Pork Sandwich,6.49
Dear Irving,Fountain Drink,3.49
Dear Irving,Iced Tea,3.49
Death & Company,Busch,3.49
Death & Company,Paulaner,2.49
Death & Company,Dos Equis Amber Lager,2.49
Death & Company,Miller High Life,1.99
Death & Company,Landshark,3.49
Death & Company,Tsingtao Beer,2.49
Death & Company,Michelob Light,2.99
Death & Company,Negra Modelo,1.99
Death & Company,Sierra Nevada Pale Ale,1.99
Death & Company,Shock Top Belgian White,3.49
Death & Company,Rolling Rock Extra Pale,2.49
Death & Company,Fries,2.49
Death & Company,Loaded Fries,3.49
Death & Company,Sweet Potato Fries,3.49
Death & Company,Cheese Fries,2.99
Death & Company,Onion Rings,3.49
Death & Company,Mozzarella Sticks,3.49
Death & Company,Chicken Fingers,4.49
Death & Company,Rose,4.49
Death & Company,Moscato,4.49
Death & Company,Champagne,4.49
Death & Company,Prosecco,4.49
Death & Company,Pinot Grigio,4.49
Death & Company,Sauvignon Blanc,6.49
Death & Company,Carbernet Sauvignon,5.49
Death & Company,Chardonay,4.49
Death & Company,Riesling,4.49
Death & Company,Sauvignon Blanc,5.49
Death & Company,Garnacha,4.49
Death & Company,Albarino,4.49
Death & Company,Pinot Noir,4.49
Death & Company,Merlot,4.49
Death & Company,Malbec,4.49
Death & Company,Tempranillo,4.49
Death & Company,Shiraz,4.49
Death & Company,Eli Martini,4.49
Death & Company,Mango Mojito,4.49
Death & Company,Gypsy Cocktail,4.49
Death & Company,Euro Cocktail,4.49
Death & Company,Pomegranate Cosmo,5.49
Death & Company,Kentucky Cocktail,5.49
Death & Company,Bellini Martini,5.49
Death & Company,Key Lime Martini,6.49
Death & Company,Grand Margarita,5.49
Death & Company,Sangria,4.49
Death & Company,Fountain Drink,1.49
Death & Company,Iced Tea,1.49
Dutch Kills,Amstel Lager,4.49
Dutch Kills,Budweiser,2.49
Dutch Kills,Corona Light,1.99
Dutch Kills,Heineken Premium Light Lager,2.39
Dutch Kills,Tecate,1.99
Dutch Kills,Pilsner Urquell,2.49
Dutch Kills,Carlsberg Export,3.49
Dutch Kills,Rolling Rock Extra Pale,2.49
Dutch Kills,Hoegaarden Original White Ale,2.99
Dutch Kills,Coors Light,1.99
Dutch Kills,Shock Top Belgian White,3.49
Dutch Kills,Fountain Drink,1.49
Dutch Kills,Iced Tea,1.49
Employees Only,Samuel Adams Boston Lager,2.49
Employees Only,Carlsberg Export,3.99
Employees Only,Pilsner Urquell,2.99
Employees Only,Miller Lite,2.49
Employees Only,Sapporo Premium Lager,3.49
Employees Only,Michelob Light,3.49
Employees Only,Natural Light,2.49
Employees Only,Negra Modelo,2.49
Employees Only,Labatt Blue,2.99
Employees Only,Budweiser,2.99
Employees Only,Sierra Nevada Pale Ale,2.49
Employees Only,Heineken Premium Light Lager,2.89
Employees Only,Guiness Draught,2.95
Employees Only,Coors Light,2.49
Employees Only,Fountain Drink,1.99
Employees Only,Iced Tea,1.99
Federal Cafe,Budweiser,3.49
Federal Cafe,Blue Moon Belgian White,4.49
Federal Cafe,Coors Banquet,2.99
Federal Cafe,Rolling Rock Extra Pale Ale,3.99
Federal Cafe,Corona Light,2.99
Federal Cafe,Michelob Original Lager,3.99
Federal Cafe,Natural Light,2.99
Federal Cafe,Fries,3.49
Federal Cafe,Loaded Fries,4.49
Federal Cafe,Sweet Potato Fries,4.49
Federal Cafe,Cheese Fries,3.99
Federal Cafe,Onion Rings,4.49
Federal Cafe,Mozzarella Sticks,4.49
Federal Cafe,Chicken Fingers,5.49
Federal Cafe,Mac & Cheese,3.49
Federal Cafe,Mac & Cheese with Pulled Pork,4.49
Federal Cafe,Mac & Cheese with Buffalo Chicken,4.49
Federal Cafe,Mac & Cheese with Bacon,4.49
Federal Cafe,Vegetable Taco,2.49
Federal Cafe,Beef Taco,2.99
Federal Cafe,Pulled Pork Taco,2.99
Federal Cafe,Chicken Taco,2.49
Federal Cafe,Steak Taco,2.99
Federal Cafe,Shrimp Taco,2.99
Federal Cafe,Fish Taco,2.99
Federal Cafe,Fountain Drink,2.49
Federal Cafe,Iced Tea,2.49
Finnegan's Pub,Labatt Blue Light,2.99
Finnegan's Pub,Paulaner,2.99
Finnegan's Pub,Beck's,5.95
Finnegan's Pub,Heineken Premium Light Lager,2.89
Finnegan's Pub,Labatt Blue,2.99
Finnegan's Pub,Bud Lite Platinum,2.49
Finnegan's Pub,Miller Lite,2.49
Finnegan's Pub,Michelob Light,3.49
Finnegan's Pub,Heineken Light Lager,2.89
Finnegan's Pub,Yuengling Traditional Amber Lager,2.99
Finnegan's Pub,Tecate,2.49
Finnegan's Pub,Fat Tire Belgian Style Ale,2.99
Finnegan's Pub,Rolling Rock Extra Pale,2.99
Finnegan's Pub,Sapporo Premium Lager,3.49
Finnegan's Pub,Pilsner Urquell,2.99
Finnegan's Pub,Lagunitas IPA,2.99
Finnegan's Pub,Fries,2.99
Finnegan's Pub,Loaded Fries,3.99
Finnegan's Pub,Sweet Potato Fries,3.99
Finnegan's Pub,Cheese Fries,3.49
Finnegan's Pub,Onion Rings,3.99
Finnegan's Pub,Mozzarella Sticks,3.99
Finnegan's Pub,Chicken Fingers,4.99
Finnegan's Pub,Mejillones Tapas,9.99
Finnegan's Pub,Fresh Guacamole Tapas,9.99
Finnegan's Pub,Ecuadorian Tapas,9.99
Finnegan's Pub,Chorizo Tapas,9.99
Finnegan's Pub,Black Bean Soup,3.99
Finnegan's Pub,Soup of the Day,2.99
Finnegan's Pub,French Onion Soup,2.99
Finnegan's Pub,Chili,3.99
Finnegan's Pub,Beef Empanada,3.99
Finnegan's Pub,Chicken Empanada,3.99
Finnegan's Pub,Vegetarian Empanada,3.49
Finnegan's Pub,Steak,19.99
Finnegan's Pub,Salmon,19.99
Finnegan's Pub,Ribs,14.99
Finnegan's Pub,Pasta,10.99
Finnegan's Pub,Pasta with Shrimp,12.99
Finnegan's Pub,Pasta with Chicken,12.99
Finnegan's Pub,Pasta with Meatballs,12.99
Finnegan's Pub,Chicken Cheesesteak,12.99
Finnegan's Pub,Buffalo Chicken Cheesesteak,13.99
Finnegan's Pub,Fountain Drink,1.99
Finnegan's Pub,Iced Tea,1.99
G.Millz Boken Roadhouse,Natural Ice,2.99
G.Millz Boken Roadhouse,Natural Light,2.99
G.Millz Boken Roadhouse,Carlsberg Export,4.49
G.Millz Boken Roadhouse,Michelob Light,3.99
G.Millz Boken Roadhouse,Newcastle Brown Ale,3.99
G.Millz Boken Roadhouse,Michelob Original Lager,3.99
G.Millz Boken Roadhouse,Corona Extra,2.99
G.Millz Boken Roadhouse,Michelob Ultra,3.99
G.Millz Boken Roadhouse,Busch,4.49
G.Millz Boken Roadhouse,Hoegaarden Original White Ale,3.99
G.Millz Boken Roadhouse,Guiness Draught,3.45
G.Millz Boken Roadhouse,Negra Modelo,2.99
G.Millz Boken Roadhouse,120 Minute IPA,5.99
G.Millz Boken Roadhouse,Fries,3.49
G.Millz Boken Roadhouse,Loaded Fries,4.49
G.Millz Boken Roadhouse,Sweet Potato Fries,4.49
G.Millz Boken Roadhouse,Cheese Fries,3.99
G.Millz Boken Roadhouse,Onion Rings,4.49
G.Millz Boken Roadhouse,Mozzarella Sticks,4.49
G.Millz Boken Roadhouse,Chicken Fingers,5.49
G.Millz Boken Roadhouse,Fountain Drink,2.49
G.Millz Boken Roadhouse,Iced Tea,2.49
Ghost Donkey,Rolling Rock Extra Pale,2.49
Ghost Donkey,Landshark,3.49
Ghost Donkey,George Killian's Irish Red,2.49
Ghost Donkey,Heineken Light Lager,2.39
Ghost Donkey,Pilsner Urquell,2.49
Ghost Donkey,Guiness Extra Stout,2.19
Ghost Donkey,Heineken Premium Light Lager,2.39
Ghost Donkey,Redhook Long Hammer IPA,2.99
Ghost Donkey,Natural Light,1.99
Ghost Donkey,Tsingtao Beer,2.49
Ghost Donkey,Sierra Nevada Pale Ale,1.99
Ghost Donkey,Blue Moon Belgian White,3.49
Ghost Donkey,Lagunitas IPA,2.49
Ghost Donkey,Fries,2.49
Ghost Donkey,Loaded Fries,3.49
Ghost Donkey,Sweet Potato Fries,3.49
Ghost Donkey,Cheese Fries,2.99
Ghost Donkey,Onion Rings,3.49
Ghost Donkey,Mozzarella Sticks,3.49
Ghost Donkey,Chicken Fingers,4.49
Ghost Donkey,Mejillones Tapas,9.49
Ghost Donkey,Fresh Guacamole Tapas,9.49
Ghost Donkey,Ecuadorian Tapas,9.49
Ghost Donkey,Chorizo Tapas,9.49
Ghost Donkey,Black Bean Soup,3.49
Ghost Donkey,Soup of the Day,2.49
Ghost Donkey,French Onion Soup,2.49
Ghost Donkey,Chili,3.49
Ghost Donkey,Beef Empanada,3.49
Ghost Donkey,Chicken Empanada,3.49
Ghost Donkey,Vegetarian Empanada,2.99
Ghost Donkey,Fountain Drink,1.49
Ghost Donkey,Iced Tea,1.49
Grand Vin,Michelob Ultra,3.99
Grand Vin,Coors Banquet,2.99
Grand Vin,Guiness Extra Stout,3.19
Grand Vin,Bud Lite Platinum,2.99
Grand Vin,Anchor Steam,5.25
Grand Vin,60 Minute IPA,5.49
Grand Vin,Foster's Lager,4.49
Grand Vin,Shiner Bock,4.49
Grand Vin,Redhook Long Hammer IPA,3.99
Grand Vin,Fries,3.49
Grand Vin,Loaded Fries,4.49
Grand Vin,Sweet Potato Fries,4.49
Grand Vin,Cheese Fries,3.99
Grand Vin,Onion Rings,4.49
Grand Vin,Mozzarella Sticks,4.49
Grand Vin,Chicken Fingers,5.49
Grand Vin,Fountain Drink,2.49
Grand Vin,Iced Tea,2.49
Holiday Cocktail Lounge,Sapporo Premium Lager,2.49
Holiday Cocktail Lounge,Labatt Blue Light,1.99
Holiday Cocktail Lounge,Lagunitas IPA,1.99
Holiday Cocktail Lounge,Rolling Rock Extra Pale,1.99
Holiday Cocktail Lounge,Guiness Draught,1.95
Holiday Cocktail Lounge,Paulaner,1.99
Holiday Cocktail Lounge,60 Minute IPA,3.99
Holiday Cocktail Lounge,Pabst Blue Ribbon,1.99
Holiday Cocktail Lounge,Keystone Light,1.49
Holiday Cocktail Lounge,Newcastle Brown Ale,2.49
Holiday Cocktail Lounge,Miller Lite,1.49
Holiday Cocktail Lounge,Samuel Adams Boston Lager,1.49
Holiday Cocktail Lounge,Labatt Blue,1.99
Holiday Cocktail Lounge,Tsingtao Beer,1.99
Holiday Cocktail Lounge,Hofbraü Oktoberfestbier,2.49
Holiday Cocktail Lounge,Landshark,2.99
Holiday Cocktail Lounge,Fries,1.99
Holiday Cocktail Lounge,Loaded Fries,2.99
Holiday Cocktail Lounge,Sweet Potato Fries,2.99
Holiday Cocktail Lounge,Cheese Fries,2.49
Holiday Cocktail Lounge,Onion Rings,2.99
Holiday Cocktail Lounge,Mozzarella Sticks,2.99
Holiday Cocktail Lounge,Chicken Fingers,3.99
Holiday Cocktail Lounge,Vegetable Taco,0.99
Holiday Cocktail Lounge,Beef Taco,1.49
Holiday Cocktail Lounge,Pulled Pork Taco,1.49
Holiday Cocktail Lounge,Chicken Taco,0.99
Holiday Cocktail Lounge,Steak Taco,1.49
Holiday Cocktail Lounge,Shrimp Taco,1.49
Holiday Cocktail Lounge,Fish Taco,1.49
Holiday Cocktail Lounge,Fountain Drink,0.99
Holiday Cocktail Lounge,Iced Tea,0.99
L BAR,Coors Light,2.49
L BAR,Guiness Extra Stout,2.69
L BAR,Bud Lite,2.49
L BAR,Pilsner Urquell,2.99
L BAR,Blue Moon Belgian White,3.99
L BAR,Samuel Adams Boston Lager,2.49
L BAR,90 Minute IPA,5.25
L BAR,Heineken Premium Light Lager,2.89
L BAR,Carlsberg Export,3.99
L BAR,Fountain Drink,1.99
L BAR,Iced Tea,1.99
Louise & Jerry's,Lagunitas IPA,2.99
Louise & Jerry's,Paulaner,2.99
Louise & Jerry's,Michelob Original Lager,3.49
Louise & Jerry's,Shiner Bock,3.99
Louise & Jerry's,Molson Canadian Lager,3.99
Louise & Jerry's,Busch,3.99
Louise & Jerry's,Hoegaarden Original White Ale,3.49
Louise & Jerry's,Amstel Lager,4.99
Louise & Jerry's,Dos Equis Amber Lager,2.99
Louise & Jerry's,Natural Ice,2.49
Louise & Jerry's,Coors Light,2.49
Louise & Jerry's,Fat Tire Belgian Style Ale,2.99
Louise & Jerry's,Pabst Blue Ribbon,2.99
Louise & Jerry's,Newcastle Brown Ale,3.49
Louise & Jerry's,George Killian's Irish Red,2.99
Louise & Jerry's,Sapporo Premium Lager,3.49
Louise & Jerry's,Blue Moon Belgian White,3.99
Louise & Jerry's,Corona Light,2.49
Louise & Jerry's,Fries,2.99
Louise & Jerry's,Loaded Fries,3.99
Louise & Jerry's,Sweet Potato Fries,3.99
Louise & Jerry's,Cheese Fries,3.49
Louise & Jerry's,Onion Rings,3.99
Louise & Jerry's,Mozzarella Sticks,3.99
Louise & Jerry's,Chicken Fingers,4.99
Louise & Jerry's,Vegetable Taco,1.99
Louise & Jerry's,Beef Taco,2.49
Louise & Jerry's,Pulled Pork Taco,2.49
Louise & Jerry's,Chicken Taco,1.99
Louise & Jerry's,Steak Taco,2.49
Louise & Jerry's,Shrimp Taco,2.49
Louise & Jerry's,Fish Taco,2.49
Louise & Jerry's,Fountain Drink,1.99
Louise & Jerry's,Iced Tea,1.99
Mace,Busch,3.99
Mace,Amstel Lager,4.99
Mace,Pabst Blue Ribbon,2.99
Mace,Guiness Draught,2.95
Mace,Natural Ice,2.49
Mace,Natural Light,2.49
Mace,Redhook Long Hammer IPA,3.49
Mace,Samuel Adams Octoberfest,2.49
Mace,Michelob Original Lager,3.49
Mace,Samuel Adams Boston Lager,2.49
Mace,Hofbraü Oktoberfestbier,3.49
Mace,Rolling Rock Extra Pale Ale,3.49
Mace,Lagunitas IPA,2.99
Mace,Anchor Steam,4.75
Mace,Bud Lite,2.49
Mace,Coors Light,2.49
Mace,Fries,2.99
Mace,Loaded Fries,3.99
Mace,Sweet Potato Fries,3.99
Mace,Cheese Fries,3.49
Mace,Onion Rings,3.99
Mace,Mozzarella Sticks,3.99
Mace,Chicken Fingers,4.99
Mace,Fountain Drink,1.99
Mace,Iced Tea,1.99
Maison Premiere,Keystone Light,2.49
Maison Premiere,Guiness Draught,2.95
Maison Premiere,Heineken Premium Light Lager,2.89
Maison Premiere,Coors Banquet,2.49
Maison Premiere,Beck's,5.95
Maison Premiere,Fat Tire Belgian Style Ale,2.99
Maison Premiere,Carlsberg Export,3.99
Maison Premiere,Fries,2.99
Maison Premiere,Loaded Fries,3.99
Maison Premiere,Sweet Potato Fries,3.99
Maison Premiere,Cheese Fries,3.49
Maison Premiere,Onion Rings,3.99
Maison Premiere,Mozzarella Sticks,3.99
Maison Premiere,Chicken Fingers,4.99
Maison Premiere,Fountain Drink,1.99
Maison Premiere,Iced Tea,1.99
Mayahuel,Samuel Adams Octoberfest,2.49
Mayahuel,Rolling Rock Extra Pale,2.99
Mayahuel,George Killian's Irish Red,2.99
Mayahuel,Hofbraü Oktoberfestbier,3.49
Mayahuel,120 Minute IPA,5.49
Mayahuel,Foster's Lager,3.99
Mayahuel,Coors Banquet,2.49
Mayahuel,60 Minute IPA,4.99
Mayahuel,Molson Canadian Lager,3.99
Mayahuel,Michelob Original Lager,3.49
Mayahuel,Natural Light,2.49
Mayahuel,Labatt Blue Light,2.99
Mayahuel,Labatt Blue,2.99
Mayahuel,Newcastle Brown Ale,3.49
Mayahuel,Guiness Extra Stout,2.69
Mayahuel,Lagunitas IPA,2.99
Mayahuel,Carlsberg Export,3.99
Mayahuel,Pilsner Urquell,2.99
Mayahuel,Amstel Lager,4.99
Mayahuel,Fries,2.99
Mayahuel,Loaded Fries,3.99
Mayahuel,Sweet Potato Fries,3.99
Mayahuel,Cheese Fries,3.49
Mayahuel,Onion Rings,3.99
Mayahuel,Mozzarella Sticks,3.99
Mayahuel,Chicken Fingers,4.99
Mayahuel,Guacamole,1.99
Mayahuel,6 Buffalo Wings,4.99
Mayahuel,12 Buffalo Wings,8.99
Mayahuel,6 Boneless Wings,4.99
Mayahuel,12 Boneless Wings,8.99
Mayahuel,Nachos,3.99
Mayahuel,Quesadilla,3.99
Mayahuel,Steak Quesadilla,4.99
Mayahuel,Chicken Quesadilla,4.49
Mayahuel,Hamburger,4.99
Mayahuel,Cheese Burger,5.49
Mayahuel,Western Burger,5.99
Mayahuel,California Burger,5.99
Mayahuel,Jersey Burger,5.99
Mayahuel,Texas Burger,5.99
Mayahuel,Cajun Burger,5.99
Mayahuel,Pizza Burger,5.99
Mayahuel,Fountain Drink,1.99
Mayahuel,Iced Tea,1.99
McSorley's Old Ale House,Landshark,4.99
McSorley's Old Ale House,Samuel Adams Octoberfest,3.49
McSorley's Old Ale House,Corona Light,3.49
McSorley's Old Ale House,Coors Light,3.49
McSorley's Old Ale House,Newcastle Brown Ale,4.49
McSorley's Old Ale House,Redhook Long Hammer IPA,4.49
McSorley's Old Ale House,Guiness Draught,3.95
McSorley's Old Ale House,Michelob Original Lager,4.49
McSorley's Old Ale House,Fountain Drink,2.99
McSorley's Old Ale House,Iced Tea,2.99
Moran's,Carlsberg Export,5.49
Moran's,Heineken Light Lager,4.39
Moran's,120 Minute IPA,6.99
Moran's,Busch,5.49
Moran's,Molson Canadian Lager,5.49
Moran's,Corona Light,3.99
Moran's,Labatt Blue Light,4.49
Moran's,Miller High Life,3.99
Moran's,Coors Banquet,3.99
Moran's,Tsingtao Beer,4.49
Moran's,Fries,4.49
Moran's,Loaded Fries,5.49
Moran's,Sweet Potato Fries,5.49
Moran's,Cheese Fries,4.99
Moran's,Onion Rings,5.49
Moran's,Mozzarella Sticks,5.49
Moran's,Chicken Fingers,6.49
Moran's,Fountain Drink,3.49
Moran's,Iced Tea,3.49
Mulligan's,Hofbraü Oktoberfestbier,3.99
Mulligan's,Stella Artois,3.49
Mulligan's,Negra Modelo,2.99
Mulligan's,Hofbraü Original,3.99
Mulligan's,Sapporo Premium Lager,3.99
Mulligan's,Lagunitas IPA,3.49
Mulligan's,Samuel Adams Octoberfest,2.99
Mulligan's,Labatt Blue,3.49
Mulligan's,Budweiser,3.49
Mulligan's,Yuengling Premium Beer,3.49
Mulligan's,Coors Light,2.99
Mulligan's,Miller Lite,2.99
Mulligan's,Keystone Light,2.99
Mulligan's,Tecate,2.99
Mulligan's,Dos Equis Amber Lager,3.49
Mulligan's,Fries,3.49
Mulligan's,Loaded Fries,4.49
Mulligan's,Sweet Potato Fries,4.49
Mulligan's,Cheese Fries,3.99
Mulligan's,Onion Rings,4.49
Mulligan's,Mozzarella Sticks,4.49
Mulligan's,Chicken Fingers,5.49
Mulligan's,Mejillones Tapas,10.49
Mulligan's,Fresh Guacamole Tapas,10.49
Mulligan's,Ecuadorian Tapas,10.49
Mulligan's,Chorizo Tapas,10.49
Mulligan's,Black Bean Soup,4.49
Mulligan's,Soup of the Day,3.49
Mulligan's,French Onion Soup,3.49
Mulligan's,Chili,4.49
Mulligan's,Beef Empanada,4.49
Mulligan's,Chicken Empanada,4.49
Mulligan's,Vegetarian Empanada,3.99
Mulligan's,Fountain Drink,2.49
Mulligan's,Iced Tea,2.49
Nitecap,Sierra Nevada Pale Ale,2.49
Nitecap,Heineken Premium Light Lager,2.89
Nitecap,Anchor Steam,4.75
Nitecap,Corona Light,2.49
Nitecap,120 Minute IPA,5.49
Nitecap,Budweiser,2.99
Nitecap,Beck's,5.95
Nitecap,George Killian's Irish Red,2.99
Nitecap,Michelob Light,3.49
Nitecap,Fountain Drink,1.99
Nitecap,Iced Tea,1.99
Northern Soul,Yuengling Traditional Amber Lager,1.99
Northern Soul,Labatt Blue Light,1.99
Northern Soul,Michelob Original Lager,2.49
Northern Soul,Guiness Extra Stout,1.69
Northern Soul,Hoegaarden Original White Ale,2.49
Northern Soul,Heineken Premium Light Lager,1.89
Northern Soul,Tecate,1.49
Northern Soul,Sapporo Premium Lager,2.49
Northern Soul,Hofbraü Oktoberfestbier,2.49
Northern Soul,Yuengling Premium Beer,1.99
Northern Soul,Coors Banquet,1.49
Northern Soul,Pilsner Urquell,1.99
Northern Soul,Rolling Rock Extra Pale,1.99
Northern Soul,Lagunitas IPA,1.99
Northern Soul,90 Minute IPA,4.25
Northern Soul,Anchor Steam,3.75
Northern Soul,Miller Lite,1.49
Northern Soul,Blue Moon Belgian White,2.99
Northern Soul,Fries,1.99
Northern Soul,Loaded Fries,2.99
Northern Soul,Sweet Potato Fries,2.99
Northern Soul,Cheese Fries,2.49
Northern Soul,Onion Rings,2.99
Northern Soul,Mozzarella Sticks,2.99
Northern Soul,Chicken Fingers,3.99
Northern Soul,Mac & Cheese,1.99
Northern Soul,Mac & Cheese with Pulled Pork,2.99
Northern Soul,Mac & Cheese with Buffalo Chicken,2.99
Northern Soul,Mac & Cheese with Bacon,2.99
Northern Soul,Falafel,2.99
Northern Soul,Manousheh,2.99
Northern Soul,Lenitl Soup,1.99
Northern Soul,Artichoke Salad,2.99
Northern Soul,Mediterranean Salad,2.99
Northern Soul,Shrimp Salad,2.99
Northern Soul,Italian Salad,2.99
Northern Soul,Bercelona Salad,2.99
Northern Soul,Chicken Salad,2.99
Northern Soul,Steak Salad,2.99
Northern Soul,Fajita Salad,2.99
Northern Soul,BBQ Shish Kabab Sandwich,3.99
Northern Soul,Chicken Kabab Sandwich,3.99
Northern Soul,Chicken Gyro Sandwich,3.99
Northern Soul,BBQ Chicken Sandwich,3.99
Northern Soul,Lamb Kabab Sandwich,3.99
Northern Soul,Gyro Sandwich,3.99
Northern Soul,BBQ Pulled Pork Sandwich,3.99
Northern Soul,Fountain Drink,0.99
Northern Soul,Iced Tea,0.99
Please Don't Tell,Natural Ice,3.99
Please Don't Tell,Anchor Steam,6.25
Please Don't Tell,Budweiser,4.49
Please Don't Tell,Labatt Blue,4.49
Please Don't Tell,Grolsch Premium Lager,4.49
Please Don't Tell,Heineken Premium Light Lager,4.39
Please Don't Tell,Keystone Light,3.99
Please Don't Tell,Corona Extra,3.99
Please Don't Tell,Michelob Ultra,4.99
Please Don't Tell,Heineken Light Lager,4.39
Please Don't Tell,Michelob Original Lager,4.99
Please Don't Tell,Fries,4.49
Please Don't Tell,Loaded Fries,5.49
Please Don't Tell,Sweet Potato Fries,5.49
Please Don't Tell,Cheese Fries,4.99
Please Don't Tell,Onion Rings,5.49
Please Don't Tell,Mozzarella Sticks,5.49
Please Don't Tell,Chicken Fingers,6.49
Please Don't Tell,Mac & Cheese,4.49
Please Don't Tell,Mac & Cheese with Pulled Pork,5.49
Please Don't Tell,Mac & Cheese with Buffalo Chicken,5.49
Please Don't Tell,Mac & Cheese with Bacon,5.49
Please Don't Tell,Rose,6.49
Please Don't Tell,Moscato,6.49
Please Don't Tell,Champagne,6.49
Please Don't Tell,Prosecco,6.49
Please Don't Tell,Pinot Grigio,6.49
Please Don't Tell,Sauvignon Blanc,8.49
Please Don't Tell,Carbernet Sauvignon,7.49
Please Don't Tell,Chardonay,6.49
Please Don't Tell,Riesling,6.49
Please Don't Tell,Sauvignon Blanc,7.49
Please Don't Tell,Garnacha,6.49
Please Don't Tell,Albarino,6.49
Please Don't Tell,Pinot Noir,6.49
Please Don't Tell,Merlot,6.49
Please Don't Tell,Malbec,6.49
Please Don't Tell,Tempranillo,6.49
Please Don't Tell,Shiraz,6.49
Please Don't Tell,Eli Martini,6.49
Please Don't Tell,Mango Mojito,6.49
Please Don't Tell,Gypsy Cocktail,6.49
Please Don't Tell,Euro Cocktail,6.49
Please Don't Tell,Pomegranate Cosmo,7.49
Please Don't Tell,Kentucky Cocktail,7.49
Please Don't Tell,Bellini Martini,7.49
Please Don't Tell,Key Lime Martini,8.49
Please Don't Tell,Grand Margarita,7.49
Please Don't Tell,Sangria,6.49
Please Don't Tell,Vegetable Taco,3.49
Please Don't Tell,Beef Taco,3.99
Please Don't Tell,Pulled Pork Taco,3.99
Please Don't Tell,Chicken Taco,3.49
Please Don't Tell,Steak Taco,3.99
Please Don't Tell,Shrimp Taco,3.99
Please Don't Tell,Fish Taco,3.99
Please Don't Tell,Fountain Drink,3.49
Please Don't Tell,Iced Tea,3.49
Pegu Club,Tecate,1.49
Pegu Club,Michelob Ultra,2.49
Pegu Club,Rolling Rock Extra Pale,1.99
Pegu Club,Corona Extra,1.49
Pegu Club,Corona Light,1.49
Pegu Club,Molson Canadian Lager,2.99
Pegu Club,Stella Artois,1.99
Pegu Club,Landshark,2.99
Pegu Club,Shock Top Belgian White,2.99
Pegu Club,Coors Banquet,1.49
Pegu Club,Yuengling Traditional Amber Lager,1.99
Pegu Club,60 Minute IPA,3.99
Pegu Club,Hofbraü Oktoberfestbier,2.49
Pegu Club,Busch,2.99
Pegu Club,Samuel Adams Boston Lager,1.49
Pegu Club,Sapporo Premium Lager,2.49
Pegu Club,Fountain Drink,0.99
Pegu Club,Iced Tea,0.99
Phoenix Bar and Grille,Redhook Long Hammer IPA,3.49
Phoenix Bar and Grille,Guiness Draught,2.95
Phoenix Bar and Grille,Corona Light,2.49
Phoenix Bar and Grille,Corona Extra,2.49
Phoenix Bar and Grille,Carlsberg Export,3.99
Phoenix Bar and Grille,Miller High Life,2.49
Phoenix Bar and Grille,Tecate,2.49
Phoenix Bar and Grille,Miller Lite,2.49
Phoenix Bar and Grille,Pabst Blue Ribbon,2.99
Phoenix Bar and Grille,Bud Lite Platinum,2.49
Phoenix Bar and Grille,Michelob Light,3.49
Phoenix Bar and Grille,Natural Ice,2.49
Phoenix Bar and Grille,Foster's Lager,3.99
Phoenix Bar and Grille,Bud Lite,2.49
Phoenix Bar and Grille,Guiness Extra Stout,2.69
Phoenix Bar and Grille,Heineken Light Lager,2.89
Phoenix Bar and Grille,Hoegaarden Original White Ale,3.49
Phoenix Bar and Grille,Fountain Drink,1.99
Phoenix Bar and Grille,Iced Tea,1.99
Pig's Eye Pub,Amstel Lager,5.49
Pig's Eye Pub,Hofbraü Original,3.99
Pig's Eye Pub,Miller Lite,2.99
Pig's Eye Pub,90 Minute IPA,5.75
Pig's Eye Pub,Blue Moon Belgian White,4.49
Pig's Eye Pub,Corona Extra,2.99
Pig's Eye Pub,Labatt Blue Light,3.49
Pig's Eye Pub,Pilsner Urquell,3.49
Pig's Eye Pub,Fat Tire Belgian Style Ale,3.49
Pig's Eye Pub,Natural Ice,2.99
Pig's Eye Pub,Molson Canadian Lager,4.49
Pig's Eye Pub,Natural Light,2.99
Pig's Eye Pub,Pabst Blue Ribbon,3.49
Pig's Eye Pub,Michelob Original Lager,3.99
Pig's Eye Pub,Lagunitas IPA,3.49
Pig's Eye Pub,Fries,3.49
Pig's Eye Pub,Loaded Fries,4.49
Pig's Eye Pub,Sweet Potato Fries,4.49
Pig's Eye Pub,Cheese Fries,3.99
Pig's Eye Pub,Onion Rings,4.49
Pig's Eye Pub,Mozzarella Sticks,4.49
Pig's Eye Pub,Chicken Fingers,5.49
Pig's Eye Pub,Fountain Drink,2.49
Pig's Eye Pub,Iced Tea,2.49
Pilsner Haus & Biergarden,Bud Lite Platinum,3.99
Pilsner Haus & Biergarden,120 Minute IPA,6.99
Pilsner Haus & Biergarden,Keystone Light,3.99
Pilsner Haus & Biergarden,Sapporo Premium Lager,4.99
Pilsner Haus & Biergarden,Bud Lite,3.99
Pilsner Haus & Biergarden,George Killian's Irish Red,4.49
Pilsner Haus & Biergarden,Redhook Long Hammer IPA,4.99
Pilsner Haus & Biergarden,Blue Moon Belgian White,5.49
Pilsner Haus & Biergarden,Coors Banquet,3.99
Pilsner Haus & Biergarden,Tecate,3.99
Pilsner Haus & Biergarden,Sierra Nevada Pale Ale,3.99
Pilsner Haus & Biergarden,Budweiser,4.49
Pilsner Haus & Biergarden,Shiner Bock,5.49
Pilsner Haus & Biergarden,Busch,5.49
Pilsner Haus & Biergarden,Michelob Ultra,4.99
Pilsner Haus & Biergarden,Carlsberg Export,5.49
Pilsner Haus & Biergarden,Hofbraü Oktoberfestbier,4.99
Pilsner Haus & Biergarden,Hoegaarden Original White Ale,4.99
Pilsner Haus & Biergarden,Rolling Rock Extra Pale Ale,4.99
Pilsner Haus & Biergarden,Fries,4.49
Pilsner Haus & Biergarden,Loaded Fries,5.49
Pilsner Haus & Biergarden,Sweet Potato Fries,5.49
Pilsner Haus & Biergarden,Cheese Fries,4.99
Pilsner Haus & Biergarden,Onion Rings,5.49
Pilsner Haus & Biergarden,Mozzarella Sticks,5.49
Pilsner Haus & Biergarden,Chicken Fingers,6.49
Pilsner Haus & Biergarden,Vegetable Taco,3.49
Pilsner Haus & Biergarden,Beef Taco,3.99
Pilsner Haus & Biergarden,Pulled Pork Taco,3.99
Pilsner Haus & Biergarden,Chicken Taco,3.49
Pilsner Haus & Biergarden,Steak Taco,3.99
Pilsner Haus & Biergarden,Shrimp Taco,3.99
Pilsner Haus & Biergarden,Fish Taco,3.99
Pilsner Haus & Biergarden,Guacamole,3.49
Pilsner Haus & Biergarden,6 Buffalo Wings,6.49
Pilsner Haus & Biergarden,12 Buffalo Wings,10.49
Pilsner Haus & Biergarden,6 Boneless Wings,6.49
Pilsner Haus & Biergarden,12 Boneless Wings,10.49
Pilsner Haus & Biergarden,Nachos,5.49
Pilsner Haus & Biergarden,Quesadilla,5.49
Pilsner Haus & Biergarden,Steak Quesadilla,6.49
Pilsner Haus & Biergarden,Chicken Quesadilla,5.99
Pilsner Haus & Biergarden,Hamburger,6.49
Pilsner Haus & Biergarden,Cheese Burger,6.99
Pilsner Haus & Biergarden,Western Burger,7.49
Pilsner Haus & Biergarden,California Burger,7.49
Pilsner Haus & Biergarden,Jersey Burger,7.49
Pilsner Haus & Biergarden,Texas Burger,7.49
Pilsner Haus & Biergarden,Cajun Burger,7.49
Pilsner Haus & Biergarden,Pizza Burger,7.49
Pilsner Haus & Biergarden,Fountain Drink,3.49
Pilsner Haus & Biergarden,Iced Tea,3.49
Pouring Ribbons,Pabst Blue Ribbon,2.99
Pouring Ribbons,Grolsch Premium Lager,2.99
Pouring Ribbons,Samuel Adams Octoberfest,2.49
Pouring Ribbons,Bud Lite Platinum,2.49
Pouring Ribbons,Coors Banquet,2.49
Pouring Ribbons,Foster's Lager,3.99
Pouring Ribbons,Carlsberg Export,3.99
Pouring Ribbons,Molson Canadian Lager,3.99
Pouring Ribbons,Fries,2.99
Pouring Ribbons,Loaded Fries,3.99
Pouring Ribbons,Sweet Potato Fries,3.99
Pouring Ribbons,Cheese Fries,3.49
Pouring Ribbons,Onion Rings,3.99
Pouring Ribbons,Mozzarella Sticks,3.99
Pouring Ribbons,Chicken Fingers,4.99
Pouring Ribbons,Fountain Drink,1.99
Pouring Ribbons,Iced Tea,1.99
Primo's,Labatt Blue,3.49
Primo's,Coors Banquet,2.99
Primo's,Miller High Life,2.99
Primo's,Fat Tire Belgian Style Ale,3.49
Primo's,Beck's,6.45
Primo's,Pabst Blue Ribbon,3.49
Primo's,Carlsberg Export,4.49
Primo's,Shiner Bock,4.49
Primo's,Budweiser,3.49
Primo's,Fries,3.49
Primo's,Loaded Fries,4.49
Primo's,Sweet Potato Fries,4.49
Primo's,Cheese Fries,3.99
Primo's,Onion Rings,4.49
Primo's,Mozzarella Sticks,4.49
Primo's,Chicken Fingers,5.49
Primo's,Rose,5.49
Primo's,Moscato,5.49
Primo's,Champagne,5.49
Primo's,Prosecco,5.49
Primo's,Pinot Grigio,5.49
Primo's,Sauvignon Blanc,7.49
Primo's,Carbernet Sauvignon,6.49
Primo's,Chardonay,5.49
Primo's,Riesling,5.49
Primo's,Sauvignon Blanc,6.49
Primo's,Garnacha,5.49
Primo's,Albarino,5.49
Primo's,Pinot Noir,5.49
Primo's,Merlot,5.49
Primo's,Malbec,5.49
Primo's,Tempranillo,5.49
Primo's,Shiraz,5.49
Primo's,Eli Martini,5.49
Primo's,Mango Mojito,5.49
Primo's,Gypsy Cocktail,5.49
Primo's,Euro Cocktail,5.49
Primo's,Pomegranate Cosmo,6.49
Primo's,Kentucky Cocktail,6.49
Primo's,Bellini Martini,6.49
Primo's,Key Lime Martini,7.49
Primo's,Grand Margarita,6.49
Primo's,Sangria,5.49
Primo's,Fountain Drink,2.49
Primo's,Iced Tea,2.49
Raines Law Room,Natural Light,2.99
Raines Law Room,Michelob Ultra,3.99
Raines Law Room,Fat Tire Belgian Style Ale,3.49
Raines Law Room,Bud Lite Platinum,2.99
Raines Law Room,60 Minute IPA,5.49
Raines Law Room,Pabst Blue Ribbon,3.49
Raines Law Room,Hofbraü Original,3.99
Raines Law Room,Beck's,6.45
Raines Law Room,Miller Lite,2.99
Raines Law Room,Natural Ice,2.99
Raines Law Room,Pilsner Urquell,3.49
Raines Law Room,Landshark,4.49
Raines Law Room,Michelob Original Lager,3.99
Raines Law Room,Fountain Drink,2.49
Raines Law Room,Iced Tea,2.49
Rocking Horse Saloon,Shiner Bock,3.99
Rocking Horse Saloon,Yuengling Traditional Amber Lager,2.99
Rocking Horse Saloon,Busch,3.99
Rocking Horse Saloon,Coors Light,2.49
Rocking Horse Saloon,Michelob Light,3.49
Rocking Horse Saloon,Michelob Original Lager,3.49
Rocking Horse Saloon,Stella Artois,2.99
Rocking Horse Saloon,Keystone Light,2.49
Rocking Horse Saloon,Hoegaarden Original White Ale,3.49
Rocking Horse Saloon,Fountain Drink,1.99
Rocking Horse Saloon,Iced Tea,1.99
Side Bar,Sierra Nevada Pale Ale,2.99
Side Bar,Corona Light,2.99
Side Bar,Busch,4.49
Side Bar,Corona Extra,2.99
Side Bar,Rolling Rock Extra Pale,3.49
Side Bar,Bud Lite Platinum,2.99
Side Bar,Fat Tire Belgian Style Ale,3.49
Side Bar,Tsingtao Beer,3.49
Side Bar,Budweiser,3.49
Side Bar,Fountain Drink,2.49
Side Bar,Iced Tea,2.49
Slowly Shirley,Corona Light,3.99
Slowly Shirley,90 Minute IPA,6.75
Slowly Shirley,Molson Canadian Lager,5.49
Slowly Shirley,Carlsberg Export,5.49
Slowly Shirley,Amstel Lager,6.49
Slowly Shirley,Bud Lite Platinum,3.99
Slowly Shirley,Yuengling Premium Beer,4.49
Slowly Shirley,Paulaner,4.49
Slowly Shirley,Fries,4.49
Slowly Shirley,Loaded Fries,5.49
Slowly Shirley,Sweet Potato Fries,5.49
Slowly Shirley,Cheese Fries,4.99
Slowly Shirley,Onion Rings,5.49
Slowly Shirley,Mozzarella Sticks,5.49
Slowly Shirley,Chicken Fingers,6.49
Slowly Shirley,Vegetable Taco,3.49
Slowly Shirley,Beef Taco,3.99
Slowly Shirley,Pulled Pork Taco,3.99
Slowly Shirley,Chicken Taco,3.49
Slowly Shirley,Steak Taco,3.99
Slowly Shirley,Shrimp Taco,3.99
Slowly Shirley,Fish Taco,3.99
Slowly Shirley,Fountain Drink,3.49
Slowly Shirley,Iced Tea,3.49
The Ale House,Shiner Bock,3.49
The Ale House,Negra Modelo,1.99
The Ale House,Busch,3.49
The Ale House,90 Minute IPA,4.75
The Ale House,Yuengling Traditional Amber Lager,2.49
The Ale House,Foster's Lager,3.49
The Ale House,Miller High Life,1.99
The Ale House,Labatt Blue Light,2.49
The Ale House,Grolsch Premium Lager,2.49
The Ale House,Samuel Adams Octoberfest,1.99
The Ale House,Michelob Original Lager,2.99
The Ale House,Newcastle Brown Ale,2.99
The Ale House,Blue Moon Belgian White,3.49
The Ale House,Tecate,1.99
The Ale House,Yuengling Premium Beer,2.49
The Ale House,Fat Tire Belgian Style Ale,2.49
The Ale House,Michelob Ultra,2.99
The Ale House,Pabst Blue Ribbon,2.49
The Ale House,Corona Extra,1.99
The Ale House,Redhook Long Hammer IPA,2.99
The Ale House,Fries,2.49
The Ale House,Loaded Fries,3.49
The Ale House,Sweet Potato Fries,3.49
The Ale House,Cheese Fries,2.99
The Ale House,Onion Rings,3.49
The Ale House,Mozzarella Sticks,3.49
The Ale House,Chicken Fingers,4.49
The Ale House,Fountain Drink,1.49
The Ale House,Iced Tea,1.49
The Aviary NYC,Hoegaarden Original White Ale,3.49
The Aviary NYC,Michelob Light,3.49
The Aviary NYC,Yuengling Traditional Amber Lager,2.99
The Aviary NYC,Foster's Lager,3.99
The Aviary NYC,Rolling Rock Extra Pale,2.99
The Aviary NYC,Guiness Extra Stout,2.69
The Aviary NYC,Corona Extra,2.49
The Aviary NYC,Heineken Premium Light Lager,2.89
The Aviary NYC,Fries,2.99
The Aviary NYC,Loaded Fries,3.99
The Aviary NYC,Sweet Potato Fries,3.99
The Aviary NYC,Cheese Fries,3.49
The Aviary NYC,Onion Rings,3.99
The Aviary NYC,Mozzarella Sticks,3.99
The Aviary NYC,Chicken Fingers,4.99
The Aviary NYC,Vegetable Taco,1.99
The Aviary NYC,Beef Taco,2.49
The Aviary NYC,Pulled Pork Taco,2.49
The Aviary NYC,Chicken Taco,1.99
The Aviary NYC,Steak Taco,2.49
The Aviary NYC,Shrimp Taco,2.49
The Aviary NYC,Fish Taco,2.49
The Aviary NYC,Falafel,3.99
The Aviary NYC,Manousheh,3.99
The Aviary NYC,Lenitl Soup,2.99
The Aviary NYC,Artichoke Salad,3.99
The Aviary NYC,Mediterranean Salad,3.99
The Aviary NYC,Shrimp Salad,3.99
The Aviary NYC,Italian Salad,3.99
The Aviary NYC,Bercelona Salad,3.99
The Aviary NYC,Chicken Salad,3.99
The Aviary NYC,Steak Salad,3.99
The Aviary NYC,Fajita Salad,3.99
The Aviary NYC,BBQ Shish Kabab Sandwich,4.99
The Aviary NYC,Chicken Kabab Sandwich,4.99
The Aviary NYC,Chicken Gyro Sandwich,4.99
The Aviary NYC,BBQ Chicken Sandwich,4.99
The Aviary NYC,Lamb Kabab Sandwich,4.99
The Aviary NYC,Gyro Sandwich,4.99
The Aviary NYC,BBQ Pulled Pork Sandwich,4.99
The Aviary NYC,Fountain Drink,1.99
The Aviary NYC,Iced Tea,1.99
The Blind Pig Pizza,Sierra Nevada Pale Ale,2.49
The Blind Pig Pizza,Hofbraü Original,3.49
The Blind Pig Pizza,Coors Light,2.49
The Blind Pig Pizza,Coors Banquet,2.49
The Blind Pig Pizza,Heineken Light Lager,2.89
The Blind Pig Pizza,Samuel Adams Boston Lager,2.49
The Blind Pig Pizza,Michelob Original Lager,3.49
The Blind Pig Pizza,Yuengling Traditional Amber Lager,2.99
The Blind Pig Pizza,Anchor Steam,4.75
The Blind Pig Pizza,Busch,3.99
The Blind Pig Pizza,Carlsberg Export,3.99
The Blind Pig Pizza,Keystone Light,2.49
The Blind Pig Pizza,Sapporo Premium Lager,3.49
The Blind Pig Pizza,Fries,2.99
The Blind Pig Pizza,Loaded Fries,3.99
The Blind Pig Pizza,Sweet Potato Fries,3.99
The Blind Pig Pizza,Cheese Fries,3.49
The Blind Pig Pizza,Onion Rings,3.99
The Blind Pig Pizza,Mozzarella Sticks,3.99
The Blind Pig Pizza,Chicken Fingers,4.99
The Blind Pig Pizza,Fountain Drink,1.99
The Blind Pig Pizza,Iced Tea,1.99
The Dead Rabbit,Paulaner,3.99
The Dead Rabbit,Budweiser,3.99
The Dead Rabbit,Corona Light,3.49
The Dead Rabbit,Miller High Life,3.49
The Dead Rabbit,Pabst Blue Ribbon,3.99
The Dead Rabbit,120 Minute IPA,6.49
The Dead Rabbit,Guiness Draught,3.95
The Dead Rabbit,Carlsberg Export,4.99
The Dead Rabbit,Yuengling Traditional Amber Lager,3.99
The Dead Rabbit,Tecate,3.49
The Dead Rabbit,Lagunitas IPA,3.99
The Dead Rabbit,Hofbraü Original,4.49
The Dead Rabbit,Busch,4.99
The Dead Rabbit,Coors Light,3.49
The Dead Rabbit,60 Minute IPA,5.99
The Dead Rabbit,Fries,3.99
The Dead Rabbit,Loaded Fries,4.99
The Dead Rabbit,Sweet Potato Fries,4.99
The Dead Rabbit,Cheese Fries,4.49
The Dead Rabbit,Onion Rings,4.99
The Dead Rabbit,Mozzarella Sticks,4.99
The Dead Rabbit,Chicken Fingers,5.99
The Dead Rabbit,Mejillones Tapas,10.99
The Dead Rabbit,Fresh Guacamole Tapas,10.99
The Dead Rabbit,Ecuadorian Tapas,10.99
The Dead Rabbit,Chorizo Tapas,10.99
The Dead Rabbit,Black Bean Soup,4.99
The Dead Rabbit,Soup of the Day,3.99
The Dead Rabbit,French Onion Soup,3.99
The Dead Rabbit,Chili,4.99
The Dead Rabbit,Beef Empanada,4.99
The Dead Rabbit,Chicken Empanada,4.99
The Dead Rabbit,Vegetarian Empanada,4.49
The Dead Rabbit,Steak,20.99
The Dead Rabbit,Salmon,20.99
The Dead Rabbit,Ribs,15.99
The Dead Rabbit,Pasta,11.99
The Dead Rabbit,Pasta with Shrimp,13.99
The Dead Rabbit,Pasta with Chicken,13.99
The Dead Rabbit,Pasta with Meatballs,13.99
The Dead Rabbit,Chicken Cheesesteak,13.99
The Dead Rabbit,Buffalo Chicken Cheesesteak,14.99
The Dead Rabbit,Falafel,4.99
The Dead Rabbit,Manousheh,4.99
The Dead Rabbit,Lenitl Soup,3.99
The Dead Rabbit,Artichoke Salad,4.99
The Dead Rabbit,Mediterranean Salad,4.99
The Dead Rabbit,Shrimp Salad,4.99
The Dead Rabbit,Italian Salad,4.99
The Dead Rabbit,Bercelona Salad,4.99
The Dead Rabbit,Chicken Salad,4.99
The Dead Rabbit,Steak Salad,4.99
The Dead Rabbit,Fajita Salad,4.99
The Dead Rabbit,BBQ Shish Kabab Sandwich,5.99
The Dead Rabbit,Chicken Kabab Sandwich,5.99
The Dead Rabbit,Chicken Gyro Sandwich,5.99
The Dead Rabbit,BBQ Chicken Sandwich,5.99
The Dead Rabbit,Lamb Kabab Sandwich,5.99
The Dead Rabbit,Gyro Sandwich,5.99
The Dead Rabbit,BBQ Pulled Pork Sandwich,5.99
The Dead Rabbit,Fountain Drink,2.99
The Dead Rabbit,Iced Tea,2.99
The Honeywell,Guiness Draught,2.95
The Honeywell,Yuengling Traditional Amber Lager,2.99
The Honeywell,Landshark,3.99
The Honeywell,Hofbraü Oktoberfestbier,3.49
The Honeywell,Grolsch Premium Lager,2.99
The Honeywell,George Killian's Irish Red,2.99
The Honeywell,Carlsberg Export,3.99
The Honeywell,Guiness Extra Stout,2.69
The Honeywell,Beck's,5.95
The Honeywell,Budweiser,2.99
The Honeywell,Anchor Steam,4.75
The Honeywell,Coors Light,2.49
The Honeywell,Foster's Lager,3.99
The Honeywell,Shock Top Belgian White,3.99
The Honeywell,Corona Extra,2.49
The Honeywell,Michelob Ultra,3.49
The Honeywell,Busch,3.99
The Honeywell,Tecate,2.49
The Honeywell,Labatt Blue,2.99
The Honeywell,Michelob Original Lager,3.49
The Honeywell,Fries,2.99
The Honeywell,Loaded Fries,3.99
The Honeywell,Sweet Potato Fries,3.99
The Honeywell,Cheese Fries,3.49
The Honeywell,Onion Rings,3.99
The Honeywell,Mozzarella Sticks,3.99
The Honeywell,Chicken Fingers,4.99
The Honeywell,Fountain Drink,1.99
The Honeywell,Iced Tea,1.99
The NoMad Bar,Hofbraü Oktoberfestbier,4.99
The NoMad Bar,Lagunitas IPA,4.49
The NoMad Bar,90 Minute IPA,6.75
The NoMad Bar,Heineken Light Lager,4.39
The NoMad Bar,Labatt Blue Light,4.49
The NoMad Bar,Paulaner,4.49
The NoMad Bar,Sapporo Premium Lager,4.99
The NoMad Bar,Coors Banquet,3.99
The NoMad Bar,Natural Ice,3.99
The NoMad Bar,Shiner Bock,5.49
The NoMad Bar,Labatt Blue,4.49
The NoMad Bar,Samuel Adams Octoberfest,3.99
The NoMad Bar,Landshark,5.49
The NoMad Bar,Pilsner Urquell,4.49
The NoMad Bar,Fat Tire Belgian Style Ale,4.49
The NoMad Bar,Hoegaarden Original White Ale,4.99
The NoMad Bar,Hofbraü Original,4.99
The NoMad Bar,Grolsch Premium Lager,4.49
The NoMad Bar,Michelob Original Lager,4.99
The NoMad Bar,Pabst Blue Ribbon,4.49
The NoMad Bar,Fries,4.49
The NoMad Bar,Loaded Fries,5.49
The NoMad Bar,Sweet Potato Fries,5.49
The NoMad Bar,Cheese Fries,4.99
The NoMad Bar,Onion Rings,5.49
The NoMad Bar,Mozzarella Sticks,5.49
The NoMad Bar,Chicken Fingers,6.49
The NoMad Bar,Vegetable Taco,3.49
The NoMad Bar,Beef Taco,3.99
The NoMad Bar,Pulled Pork Taco,3.99
The NoMad Bar,Chicken Taco,3.49
The NoMad Bar,Steak Taco,3.99
The NoMad Bar,Shrimp Taco,3.99
The NoMad Bar,Fish Taco,3.99
The NoMad Bar,Guacamole,3.49
The NoMad Bar,6 Buffalo Wings,6.49
The NoMad Bar,12 Buffalo Wings,10.49
The NoMad Bar,6 Boneless Wings,6.49
The NoMad Bar,12 Boneless Wings,10.49
The NoMad Bar,Nachos,5.49
The NoMad Bar,Quesadilla,5.49
The NoMad Bar,Steak Quesadilla,6.49
The NoMad Bar,Chicken Quesadilla,5.99
The NoMad Bar,Hamburger,6.49
The NoMad Bar,Cheese Burger,6.99
The NoMad Bar,Western Burger,7.49
The NoMad Bar,California Burger,7.49
The NoMad Bar,Jersey Burger,7.49
The NoMad Bar,Texas Burger,7.49
The NoMad Bar,Cajun Burger,7.49
The NoMad Bar,Pizza Burger,7.49
The NoMad Bar,Falafel,5.49
The NoMad Bar,Manousheh,5.49
The NoMad Bar,Lenitl Soup,4.49
The NoMad Bar,Artichoke Salad,5.49
The NoMad Bar,Mediterranean Salad,5.49
The NoMad Bar,Shrimp Salad,5.49
The NoMad Bar,Italian Salad,5.49
The NoMad Bar,Bercelona Salad,5.49
The NoMad Bar,Chicken Salad,5.49
The NoMad Bar,Steak Salad,5.49
The NoMad Bar,Fajita Salad,5.49
The NoMad Bar,BBQ Shish Kabab Sandwich,6.49
The NoMad Bar,Chicken Kabab Sandwich,6.49
The NoMad Bar,Chicken Gyro Sandwich,6.49
The NoMad Bar,BBQ Chicken Sandwich,6.49
The NoMad Bar,Lamb Kabab Sandwich,6.49
The NoMad Bar,Gyro Sandwich,6.49
The NoMad Bar,BBQ Pulled Pork Sandwich,6.49
The NoMad Bar,Fountain Drink,3.49
The NoMad Bar,Iced Tea,3.49
The Pig and Parrot,Yuengling Traditional Amber Lager,4.49
The Pig and Parrot,Hofbraü Oktoberfestbier,4.99
The Pig and Parrot,Pabst Blue Ribbon,4.49
The Pig and Parrot,Negra Modelo,3.99
The Pig and Parrot,Lagunitas IPA,4.49
The Pig and Parrot,Bud Lite,3.99
The Pig and Parrot,Labatt Blue Light,4.49
The Pig and Parrot,Coors Banquet,3.99
The Pig and Parrot,Grolsch Premium Lager,4.49
The Pig and Parrot,Corona Extra,3.99
The Pig and Parrot,Fries,4.49
The Pig and Parrot,Loaded Fries,5.49
The Pig and Parrot,Sweet Potato Fries,5.49
The Pig and Parrot,Cheese Fries,4.99
The Pig and Parrot,Onion Rings,5.49
The Pig and Parrot,Mozzarella Sticks,5.49
The Pig and Parrot,Chicken Fingers,6.49
The Pig and Parrot,Rose,6.49
The Pig and Parrot,Moscato,6.49
The Pig and Parrot,Champagne,6.49
The Pig and Parrot,Prosecco,6.49
The Pig and Parrot,Pinot Grigio,6.49
The Pig and Parrot,Sauvignon Blanc,8.49
The Pig and Parrot,Carbernet Sauvignon,7.49
The Pig and Parrot,Chardonay,6.49
The Pig and Parrot,Riesling,6.49
The Pig and Parrot,Sauvignon Blanc,7.49
The Pig and Parrot,Garnacha,6.49
The Pig and Parrot,Albarino,6.49
The Pig and Parrot,Pinot Noir,6.49
The Pig and Parrot,Merlot,6.49
The Pig and Parrot,Malbec,6.49
The Pig and Parrot,Tempranillo,6.49
The Pig and Parrot,Shiraz,6.49
The Pig and Parrot,Eli Martini,6.49
The Pig and Parrot,Mango Mojito,6.49
The Pig and Parrot,Gypsy Cocktail,6.49
The Pig and Parrot,Euro Cocktail,6.49
The Pig and Parrot,Pomegranate Cosmo,7.49
The Pig and Parrot,Kentucky Cocktail,7.49
The Pig and Parrot,Bellini Martini,7.49
The Pig and Parrot,Key Lime Martini,8.49
The Pig and Parrot,Grand Margarita,7.49
The Pig and Parrot,Sangria,6.49
The Pig and Parrot,Steak,21.49
The Pig and Parrot,Salmon,21.49
The Pig and Parrot,Ribs,16.49
The Pig and Parrot,Pasta,12.49
The Pig and Parrot,Pasta with Shrimp,14.49
The Pig and Parrot,Pasta with Chicken,14.49
The Pig and Parrot,Pasta with Meatballs,14.49
The Pig and Parrot,Chicken Cheesesteak,14.49
The Pig and Parrot,Buffalo Chicken Cheesesteak,15.49
The Pig and Parrot,Fountain Drink,3.49
The Pig and Parrot,Iced Tea,3.49
The Press,Fat Tire Belgian Style Ale,2.99
The Press,Rolling Rock Extra Pale,2.99
The Press,Keystone Light,2.49
The Press,Labatt Blue,2.99
The Press,Newcastle Brown Ale,3.49
The Press,Grolsch Premium Lager,2.99
The Press,Miller Lite,2.49
The Press,Yuengling Traditional Amber Lager,2.99
The Press,Tecate,2.49
The Press,Fries,2.99
The Press,Loaded Fries,3.99
The Press,Sweet Potato Fries,3.99
The Press,Cheese Fries,3.49
The Press,Onion Rings,3.99
The Press,Mozzarella Sticks,3.99
The Press,Chicken Fingers,4.99
The Press,Vegetable Taco,1.99
The Press,Beef Taco,2.49
The Press,Pulled Pork Taco,2.49
The Press,Chicken Taco,1.99
The Press,Steak Taco,2.49
The Press,Shrimp Taco,2.49
The Press,Fish Taco,2.49
The Press,Steak,19.99
The Press,Salmon,19.99
The Press,Ribs,14.99
The Press,Pasta,10.99
The Press,Pasta with Shrimp,12.99
The Press,Pasta with Chicken,12.99
The Press,Pasta with Meatballs,12.99
The Press,Chicken Cheesesteak,12.99
The Press,Buffalo Chicken Cheesesteak,13.99
The Press,Falafel,3.99
The Press,Manousheh,3.99
The Press,Lenitl Soup,2.99
The Press,Artichoke Salad,3.99
The Press,Mediterranean Salad,3.99
The Press,Shrimp Salad,3.99
The Press,Italian Salad,3.99
The Press,Bercelona Salad,3.99
The Press,Chicken Salad,3.99
The Press,Steak Salad,3.99
The Press,Fajita Salad,3.99
The Press,BBQ Shish Kabab Sandwich,4.99
The Press,Chicken Kabab Sandwich,4.99
The Press,Chicken Gyro Sandwich,4.99
The Press,BBQ Chicken Sandwich,4.99
The Press,Lamb Kabab Sandwich,4.99
The Press,Gyro Sandwich,4.99
The Press,BBQ Pulled Pork Sandwich,4.99
The Press,Fountain Drink,1.99
The Press,Iced Tea,1.99
The Russian Lady,Pilsner Urquell,2.99
The Russian Lady,Labatt Blue,2.99
The Russian Lady,Budweiser,2.99
The Russian Lady,Amstel Lager,4.99
The Russian Lady,Bud Lite,2.49
The Russian Lady,Carlsberg Export,3.99
The Russian Lady,Miller High Life,2.49
The Russian Lady,Yuengling Traditional Amber Lager,2.99
The Russian Lady,George Killian's Irish Red,2.99
The Russian Lady,60 Minute IPA,4.99
The Russian Lady,Bud Lite Platinum,2.49
The Russian Lady,Coors Light,2.49
The Russian Lady,Heineken Light Lager,2.89
The Russian Lady,Grolsch Premium Lager,2.99
The Russian Lady,Shiner Bock,3.99
The Russian Lady,Fountain Drink,1.99
The Russian Lady,Iced Tea,1.99
The Shepherd & the Knucklehead,Tecate,2.49
The Shepherd & the Knucklehead,Lagunitas IPA,2.99
The Shepherd & the Knucklehead,Stella Artois,2.99
The Shepherd & the Knucklehead,Molson Canadian Lager,3.99
The Shepherd & the Knucklehead,Tsingtao Beer,2.99
The Shepherd & the Knucklehead,Anchor Steam,4.75
The Shepherd & the Knucklehead,60 Minute IPA,4.99
The Shepherd & the Knucklehead,Coors Light,2.49
The Shepherd & the Knucklehead,Yuengling Traditional Amber Lager,2.99
The Shepherd & the Knucklehead,Bud Lite,2.49
The Shepherd & the Knucklehead,Labatt Blue Light,2.99
The Shepherd & the Knucklehead,Carlsberg Export,3.99
The Shepherd & the Knucklehead,Guiness Extra Stout,2.69
The Shepherd & the Knucklehead,Yuengling Premium Beer,2.99
The Shepherd & the Knucklehead,Fries,2.99
The Shepherd & the Knucklehead,Loaded Fries,3.99
The Shepherd & the Knucklehead,Sweet Potato Fries,3.99
The Shepherd & the Knucklehead,Cheese Fries,3.49
The Shepherd & the Knucklehead,Onion Rings,3.99
The Shepherd & the Knucklehead,Mozzarella Sticks,3.99
The Shepherd & the Knucklehead,Chicken Fingers,4.99
The Shepherd & the Knucklehead,Fountain Drink,1.99
The Shepherd & the Knucklehead,Iced Tea,1.99
The Winston,Heineken Premium Light Lager,2.39
The Winston,Yuengling Premium Beer,2.49
The Winston,Negra Modelo,1.99
The Winston,Blue Moon Belgian White,3.49
The Winston,Amstel Lager,4.49
The Winston,Miller High Life,1.99
The Winston,Tecate,1.99
The Winston,Michelob Original Lager,2.99
The Winston,Keystone Light,1.99
The Winston,120 Minute IPA,4.99
The Winston,Yuengling Traditional Amber Lager,2.49
The Winston,Bud Lite Platinum,1.99
The Winston,Bud Lite,1.99
The Winston,Fountain Drink,1.49
The Winston,Iced Tea,1.49
Tørst,Hofbraü Original,2.99
Tørst,Paulaner,2.49
Tørst,Yuengling Premium Beer,2.49
Tørst,Heineken Light Lager,2.39
Tørst,Keystone Light,1.99
Tørst,Samuel Adams Octoberfest,1.99
Tørst,Beck's,5.45
Tørst,Grolsch Premium Lager,2.49
Tørst,Labatt Blue Light,2.49
Tørst,Dos Equis Amber Lager,2.49
Tørst,Busch,3.49
Tørst,Heineken Premium Light Lager,2.39
Tørst,90 Minute IPA,4.75
Tørst,Tecate,1.99
Tørst,Foster's Lager,3.49
Tørst,Shock Top Belgian White,3.49
Tørst,Blue Moon Belgian White,3.49
Tørst,Amstel Lager,4.49
Tørst,Fat Tire Belgian Style Ale,2.49
Tørst,Pilsner Urquell,2.49
Tørst,Fountain Drink,1.49
Tørst,Iced Tea,1.49
Vaughan's Public House,Newcastle Brown Ale,3.49
Vaughan's Public House,Anchor Steam,4.75
Vaughan's Public House,Natural Light,2.49
Vaughan's Public House,Guiness Draught,2.95
Vaughan's Public House,Labatt Blue Light,2.99
Vaughan's Public House,Guiness Extra Stout,2.69
Vaughan's Public House,Corona Extra,2.49
Vaughan's Public House,Beck's,5.95
Vaughan's Public House,Heineken Premium Light Lager,2.89
Vaughan's Public House,Yuengling Traditional Amber Lager,2.99
Vaughan's Public House,Carlsberg Export,3.99
Vaughan's Public House,Hoegaarden Original White Ale,3.49
Vaughan's Public House,Rolling Rock Extra Pale,2.99
Vaughan's Public House,Fries,2.99
Vaughan's Public House,Loaded Fries,3.99
Vaughan's Public House,Sweet Potato Fries,3.99
Vaughan's Public House,Cheese Fries,3.49
Vaughan's Public House,Onion Rings,3.99
Vaughan's Public House,Mozzarella Sticks,3.99
Vaughan's Public House,Chicken Fingers,4.99
Vaughan's Public House,Rose,4.99
Vaughan's Public House,Moscato,4.99
Vaughan's Public House,Champagne,4.99
Vaughan's Public House,Prosecco,4.99
Vaughan's Public House,Pinot Grigio,4.99
Vaughan's Public House,Sauvignon Blanc,6.99
Vaughan's Public House,Carbernet Sauvignon,5.99
Vaughan's Public House,Chardonay,4.99
Vaughan's Public House,Riesling,4.99
Vaughan's Public House,Sauvignon Blanc,5.99
Vaughan's Public House,Garnacha,4.99
Vaughan's Public House,Albarino,4.99
Vaughan's Public House,Pinot Noir,4.99
Vaughan's Public House,Merlot,4.99
Vaughan's Public House,Malbec,4.99
Vaughan's Public House,Tempranillo,4.99
Vaughan's Public House,Shiraz,4.99
Vaughan's Public House,Eli Martini,4.99
Vaughan's Public House,Mango Mojito,4.99
Vaughan's Public House,Gypsy Cocktail,4.99
Vaughan's Public House,Euro Cocktail,4.99
Vaughan's Public House,Pomegranate Cosmo,5.99
Vaughan's Public House,Kentucky Cocktail,5.99
Vaughan's Public House,Bellini Martini,5.99
Vaughan's Public House,Key Lime Martini,6.99
Vaughan's Public House,Grand Margarita,5.99
Vaughan's Public House,Sangria,4.99
Vaughan's Public House,Steak,19.99
Vaughan's Public House,Salmon,19.99
Vaughan's Public House,Ribs,14.99
Vaughan's Public House,Pasta,10.99
Vaughan's Public House,Pasta with Shrimp,12.99
Vaughan's Public House,Pasta with Chicken,12.99
Vaughan's Public House,Pasta with Meatballs,12.99
Vaughan's Public House,Chicken Cheesesteak,12.99
Vaughan's Public House,Buffalo Chicken Cheesesteak,13.99
Vaughan's Public House,Fountain Drink,1.99
Vaughan's Public House,Iced Tea,1.99
Wilton House,90 Minute IPA,5.25
Wilton House,Yuengling Traditional Amber Lager,2.99
Wilton House,Landshark,3.99
Wilton House,Amstel Lager,4.99
Wilton House,Blue Moon Belgian White,3.99
Wilton House,Stella Artois,2.99
Wilton House,Corona Extra,2.49
Wilton House,Miller Lite,2.49
Wilton House,Guiness Draught,2.95
Wilton House,Hofbraü Original,3.49
Wilton House,Newcastle Brown Ale,3.49
Wilton House,Molson Canadian Lager,3.99
Wilton House,Budweiser,2.99
Wilton House,Corona Light,2.49
Wilton House,Fries,2.99
Wilton House,Loaded Fries,3.99
Wilton House,Sweet Potato Fries,3.99
Wilton House,Cheese Fries,3.49
Wilton House,Onion Rings,3.99
Wilton House,Mozzarella Sticks,3.99
Wilton House,Chicken Fingers,4.99
Wilton House,Rose,4.99
Wilton House,Moscato,4.99
Wilton House,Champagne,4.99
Wilton House,Prosecco,4.99
Wilton House,Pinot Grigio,4.99
Wilton House,Sauvignon Blanc,6.99
Wilton House,Carbernet Sauvignon,5.99
Wilton House,Chardonay,4.99
Wilton House,Riesling,4.99
Wilton House,Sauvignon Blanc,5.99
Wilton House,Garnacha,4.99
Wilton House,Albarino,4.99
Wilton House,Pinot Noir,4.99
Wilton House,Merlot,4.99
Wilton House,Malbec,4.99
Wilton House,Tempranillo,4.99
Wilton House,Shiraz,4.99
Wilton House,Eli Martini,4.99
Wilton House,Mango Mojito,4.99
Wilton House,Gypsy Cocktail,4.99
Wilton House,Euro Cocktail,4.99
Wilton House,Pomegranate Cosmo,5.99
Wilton House,Kentucky Cocktail,5.99
Wilton House,Bellini Martini,5.99
Wilton House,Key Lime Martini,6.99
Wilton House,Grand Margarita,5.99
Wilton House,Sangria,4.99
Wilton House,Fountain Drink,1.99
Wilton House,Iced Tea,1.99
Zack's Oak Bar & Restaurant,Pabst Blue Ribbon,2.99
Zack's Oak Bar & Restaurant,Amstel Lager,4.99
Zack's Oak Bar & Restaurant,Budweiser,2.99
Zack's Oak Bar & Restaurant,Molson Canadian Lager,3.99
Zack's Oak Bar & Restaurant,Michelob Original Lager,3.49
Zack's Oak Bar & Restaurant,Coors Light,2.49
Zack's Oak Bar & Restaurant,Sapporo Premium Lager,3.49
Zack's Oak Bar & Restaurant,Michelob Ultra,3.49
Zack's Oak Bar & Restaurant,Fries,2.99
Zack's Oak Bar & Restaurant,Loaded Fries,3.99
Zack's Oak Bar & Restaurant,Sweet Potato Fries,3.99
Zack's Oak Bar & Restaurant,Cheese Fries,3.49
Zack's Oak Bar & Restaurant,Onion Rings,3.99
Zack's Oak Bar & Restaurant,Mozzarella Sticks,3.99
Zack's Oak Bar & Restaurant,Chicken Fingers,4.99
Zack's Oak Bar & Restaurant,Rose,4.99
Zack's Oak Bar & Restaurant,Moscato,4.99
Zack's Oak Bar & Restaurant,Champagne,4.99
Zack's Oak Bar & Restaurant,Prosecco,4.99
Zack's Oak Bar & Restaurant,Pinot Grigio,4.99
Zack's Oak Bar & Restaurant,Sauvignon Blanc,6.99
Zack's Oak Bar & Restaurant,Carbernet Sauvignon,5.99
Zack's Oak Bar & Restaurant,Chardonay,4.99
Zack's Oak Bar & Restaurant,Riesling,4.99
Zack's Oak Bar & Restaurant,Sauvignon Blanc,5.99
Zack's Oak Bar & Restaurant,Garnacha,4.99
Zack's Oak Bar & Restaurant,Albarino,4.99
Zack's Oak Bar & Restaurant,Pinot Noir,4.99
Zack's Oak Bar & Restaurant,Merlot,4.99
Zack's Oak Bar & Restaurant,Malbec,4.99
Zack's Oak Bar & Restaurant,Tempranillo,4.99
Zack's Oak Bar & Restaurant,Shiraz,4.99
Zack's Oak Bar & Restaurant,Eli Martini,4.99
Zack's Oak Bar & Restaurant,Mango Mojito,4.99
Zack's Oak Bar & Restaurant,Gypsy Cocktail,4.99
Zack's Oak Bar & Restaurant,Euro Cocktail,4.99
Zack's Oak Bar & Restaurant,Pomegranate Cosmo,5.99
Zack's Oak Bar & Restaurant,Kentucky Cocktail,5.99
Zack's Oak Bar & Restaurant,Bellini Martini,5.99
Zack's Oak Bar & Restaurant,Key Lime Martini,6.99
Zack's Oak Bar & Restaurant,Grand Margarita,5.99
Zack's Oak Bar & Restaurant,Sangria,4.99
Zack's Oak Bar & Restaurant,Falafel,3.99
Zack's Oak Bar & Restaurant,Manousheh,3.99
Zack's Oak Bar & Restaurant,Lenitl Soup,2.99
Zack's Oak Bar & Restaurant,Artichoke Salad,3.99
Zack's Oak Bar & Restaurant,Mediterranean Salad,3.99
Zack's Oak Bar & Restaurant,Shrimp Salad,3.99
Zack's Oak Bar & Restaurant,Italian Salad,3.99
Zack's Oak Bar & Restaurant,Bercelona Salad,3.99
Zack's Oak Bar & Restaurant,Chicken Salad,3.99
Zack's Oak Bar & Restaurant,Steak Salad,3.99
Zack's Oak Bar & Restaurant,Fajita Salad,3.99
Zack's Oak Bar & Restaurant,BBQ Shish Kabab Sandwich,4.99
Zack's Oak Bar & Restaurant,Chicken Kabab Sandwich,4.99
Zack's Oak Bar & Restaurant,Chicken Gyro Sandwich,4.99
Zack's Oak Bar & Restaurant,BBQ Chicken Sandwich,4.99
Zack's Oak Bar & Restaurant,Lamb Kabab Sandwich,4.99
Zack's Oak Bar & Restaurant,Gyro Sandwich,4.99
Zack's Oak Bar & Restaurant,BBQ Pulled Pork Sandwich,4.99
Zack's Oak Bar & Restaurant,Fountain Drink,1.99
Zack's Oak Bar & Restaurant,Iced Tea,1.99